"file","bytes","sha256"
".\package.json","429","5D1BE1EEF297C6FD72842450585EEF969F08AEC6A7DA52C99D4A415D48E2E646"
".\package-lock.json","29833","B461284B681814D76BBFA38676AD75E866F4276F1B2D0E3EE50A4805631985F7"
".\MonProjet\server.kernel.sealed.cjs","3655","DA2904C5D4604684B19CF557F602E7F65EC46E8B183C59F78CF9B3606F16FA78"
".\sigma\contracts.py","16302","6FA4646032A2C2E82FC08C3563403A5FA86E41D2B312E170A960AF80FB995178"
".\sigma\aggregation.py","6001","3F5EFD090286212E5B837AFEA9FCDB35E0456DF431E90A52B3986938EADC8A49"
".\sigma\guard.py","3030","5B19A0CBBF78555EFF0F2CC96F8FD21867A2BFC2212A830E319678A7FFF08C18"
".\sigma\protocols.py","2194","9FD36D072C4E3DEC3A500D52E67DDC5AF011D16DB92AFFE3871523CCD70204DF"
".\sigma\run_pipeline.py","4400","3415EF9B448B83E73BFF4E298D7D9BD44C2B903A1C6A8B2F2A4013076E54C540"
".\sigma\registry.py","450","AC46F0FDA906EEB289C8C1007FAA6B0C0DAD59DD071D465A2BFE3E73A431E510"
".\sigma\obsidia_sigma_v130.py","11294","5D6E71983F3974DB4853ECE436126FF7B4511524EF69535D2B3668521AD0B314"
".\audit_merkle.py","2147","C84D014DEE0A8DF44035A17619EF35A122085D2C0796FFE8E70A89E5091CF481"
".\merkle_seal.json","318","C0BAF87761049368442F8427BABDACD89047E6F0AE4076D2163EB69684A04016"
".\RUN_AUDIT_EVIDENCE_BOARD_3_DOMAINES.ps1","27280","FDB420E78231BCCA59798DD66C64D47630A7AFB54E77F1693330270F27167A4F"
