"name","bytes","sha256","full_path"
"decision_bank_1777469753236.json","3468","FE750BBCD022D6DD54B31FB4026E6DD70A3B1EB6D35CB0E7D7B356DC53AE6E20","C:\Users\User\Desktop\obsidia-engine-proof-core\obsidia-x108-proofs\MonProjet\allData\decision_bank_1777469753236.json"
"decision_bank_1777469763706.json","3468","FC81DCFDAE7BA13C1FF199BC510D42D07134548BE8CF1BD0437D6CB93571D28C","C:\Users\User\Desktop\obsidia-engine-proof-core\obsidia-x108-proofs\MonProjet\allData\decision_bank_1777469763706.json"
"decision_bank_1777469774474.json","3468","2C14E9891A2B18DB290EC99EF8F9362325CB24C06CFECB460F5AD806C2748B9F","C:\Users\User\Desktop\obsidia-engine-proof-core\obsidia-x108-proofs\MonProjet\allData\decision_bank_1777469774474.json"
"decision_bank_1777469784829.json","3468","EFCE9918328D2DCF99BCC49ACC66733DD95E42F3F93C0689685C708BADB824CF","C:\Users\User\Desktop\obsidia-engine-proof-core\obsidia-x108-proofs\MonProjet\allData\decision_bank_1777469784829.json"
"decision_bank_1777469793586.json","3720","307792A2856DBDF4850BE11083CF35DEB448AEC9192B89D954AB271BE368C25D","C:\Users\User\Desktop\obsidia-engine-proof-core\obsidia-x108-proofs\MonProjet\allData\decision_bank_1777469793586.json"
"decision_bank_1777469795260.json","3468","51CB0E588EB4E1D7537BD7D6F249E7462A830079E7AD85E42930E2B2754751EE","C:\Users\User\Desktop\obsidia-engine-proof-core\obsidia-x108-proofs\MonProjet\allData\decision_bank_1777469795260.json"
"decision_gps_defense_aviation_1777469754510.json","3349","25FDAA05F1D2813D4680AEC7836FE9DC74B0104D0B3F8B75540836A92DCAF140","C:\Users\User\Desktop\obsidia-engine-proof-core\obsidia-x108-proofs\MonProjet\allData\decision_gps_defense_aviation_1777469754510.json"
"decision_gps_defense_aviation_1777469758836.json","3349","FAA07BB0B277B9617E4112344439D98303A702C474522343385C624F28579388","C:\Users\User\Desktop\obsidia-engine-proof-core\obsidia-x108-proofs\MonProjet\allData\decision_gps_defense_aviation_1777469758836.json"
"decision_gps_defense_aviation_1777469763292.json","3349","99FAB050B93201703CDA85C2C81149F4323574BE942D914F567692D34219FF47","C:\Users\User\Desktop\obsidia-engine-proof-core\obsidia-x108-proofs\MonProjet\allData\decision_gps_defense_aviation_1777469763292.json"
"decision_gps_defense_aviation_1777469767741.json","3349","4B33D9368DF2BA303DDFF174B651C9B50973A78F6DAF521EA3F14FF8A65089AD","C:\Users\User\Desktop\obsidia-engine-proof-core\obsidia-x108-proofs\MonProjet\allData\decision_gps_defense_aviation_1777469767741.json"
"decision_gps_defense_aviation_1777469772199.json","3349","4F83BDEB8EAE606CFB65DD58961D7983453EF5D4EFD4B5C03D5921C973446E9E","C:\Users\User\Desktop\obsidia-engine-proof-core\obsidia-x108-proofs\MonProjet\allData\decision_gps_defense_aviation_1777469772199.json"
"decision_gps_defense_aviation_1777469777058.json","3349","D6BE2C1E33EA6AB259DD5769393F4D4375A58795E4988B068718CE368FC83898","C:\Users\User\Desktop\obsidia-engine-proof-core\obsidia-x108-proofs\MonProjet\allData\decision_gps_defense_aviation_1777469777058.json"
"decision_gps_defense_aviation_1777469781451.json","3349","4D56E7EC593C32171500D792E83514DEC03B0BA6DC0F55A8C420E07B6F45BD7A","C:\Users\User\Desktop\obsidia-engine-proof-core\obsidia-x108-proofs\MonProjet\allData\decision_gps_defense_aviation_1777469781451.json"
"decision_gps_defense_aviation_1777469785768.json","3349","591301A3253E26C94574E523BBB1A4FA79591ABFE05F29D254202FD823B83D53","C:\Users\User\Desktop\obsidia-engine-proof-core\obsidia-x108-proofs\MonProjet\allData\decision_gps_defense_aviation_1777469785768.json"
"decision_gps_defense_aviation_1777469792317.json","3349","FE00676B9015AE4D6D4EF2EFB5851D7787742B36F4C3610D2E68BDE5CBAF659C","C:\Users\User\Desktop\obsidia-engine-proof-core\obsidia-x108-proofs\MonProjet\allData\decision_gps_defense_aviation_1777469792317.json"
"decision_gps_defense_aviation_1777469795165.json","3448","FB744D851530B7282394FFCCDC4C9B011E79EBE8D2B997E3C77E795F8980036A","C:\Users\User\Desktop\obsidia-engine-proof-core\obsidia-x108-proofs\MonProjet\allData\decision_gps_defense_aviation_1777469795165.json"
"decision_trading_1777469754705.json","3520","09DE50B637FC58D2CB6903088ABCA0EE7F77EBAFA43890C91D107D09FBE0A6CA","C:\Users\User\Desktop\obsidia-engine-proof-core\obsidia-x108-proofs\MonProjet\allData\decision_trading_1777469754705.json"
"decision_trading_1777469757935.json","3520","FA009C3753800EBF9E6ABE0B9E260A08B3B41B1FE0C989A32660EB7520C008EC","C:\Users\User\Desktop\obsidia-engine-proof-core\obsidia-x108-proofs\MonProjet\allData\decision_trading_1777469757935.json"
"decision_trading_1777469760987.json","3520","AE9E067A16010D207E7707AD9C6D1EA09A5AF3350600B599A313F7D71E5C66A2","C:\Users\User\Desktop\obsidia-engine-proof-core\obsidia-x108-proofs\MonProjet\allData\decision_trading_1777469760987.json"
"decision_trading_1777469764324.json","3520","8408223EEB007E0AF9AAD5CB670876B9F8DD4A34C0672E3F20D2883CF633B5E5","C:\Users\User\Desktop\obsidia-engine-proof-core\obsidia-x108-proofs\MonProjet\allData\decision_trading_1777469764324.json"
"decision_trading_1777469767583.json","3520","3396A6AB4B27B1DDE36FDEB94303DE79164668209C9073572B7FF05E4FC1C6D0","C:\Users\User\Desktop\obsidia-engine-proof-core\obsidia-x108-proofs\MonProjet\allData\decision_trading_1777469767583.json"
"decision_trading_1777469770507.json","3520","FE1247CD3A4A89F1370B8A4F766E54EA949ABDCEA41150FD69C3CD5C99749B75","C:\Users\User\Desktop\obsidia-engine-proof-core\obsidia-x108-proofs\MonProjet\allData\decision_trading_1777469770507.json"
"decision_trading_1777469773288.json","3520","87CC16DA70D33C21AFE3053C0D6AB9AFC23285B3D41DB87A02508C18F255A249","C:\Users\User\Desktop\obsidia-engine-proof-core\obsidia-x108-proofs\MonProjet\allData\decision_trading_1777469773288.json"
"decision_trading_1777469776725.json","3520","F8BDC54A1A218CB2848E90B39A098E89FD95E66A7F97E1AA237381F40F7DE97D","C:\Users\User\Desktop\obsidia-engine-proof-core\obsidia-x108-proofs\MonProjet\allData\decision_trading_1777469776725.json"
"decision_trading_1777469779826.json","3520","6912343A0542DFF078B07BD6036E52D3839BC67CCE17D84E7B6F6FA036EA16A0","C:\Users\User\Desktop\obsidia-engine-proof-core\obsidia-x108-proofs\MonProjet\allData\decision_trading_1777469779826.json"
"decision_trading_1777469783193.json","3520","BAD1E7B7A809DE2B2D0351F6E6BD87EB51ADE04AD45D8D96163B52D62BF2A15C","C:\Users\User\Desktop\obsidia-engine-proof-core\obsidia-x108-proofs\MonProjet\allData\decision_trading_1777469783193.json"
"decision_trading_1777469786372.json","3520","193904D0E49A354D6B4A8C8B09CB89B66925F26AE19D453C01BCB41B89D7CB14","C:\Users\User\Desktop\obsidia-engine-proof-core\obsidia-x108-proofs\MonProjet\allData\decision_trading_1777469786372.json"
"decision_trading_1777469794571.json","3461","AF45B4FF421331EA573FBB9E3DD14781F7EFB3981E9DDDC7B977DBD6C3DEF35E","C:\Users\User\Desktop\obsidia-engine-proof-core\obsidia-x108-proofs\MonProjet\allData\decision_trading_1777469794571.json"
"decision_trading_1777469794919.json","3520","EA3B84D0F7C87B995BDC6CC9494C5EF45711CDDCB10483790DEAB5F32697CB87","C:\Users\User\Desktop\obsidia-engine-proof-core\obsidia-x108-proofs\MonProjet\allData\decision_trading_1777469794919.json"
